"runId","executionOrder","readerType","targetRows","indexMode","repetition","stepDurationSeconds","stepPeakOldGenBytes","stepPeakOldGenMiB","processPauseCount","processPauseTotalMs","processPauseMaxMs","processYoungNormalPauseCount","processYoungNormalPauseTotalMs","processYoungNormalPauseMaxMs","processFullGcCount","processMaxOldRegions"
"m01-100000-off-offset-r1","1","OFFSET","100000","OFF","1","6.688","0","0.000","12","124.070","28.376","3","34.724","24.986","0","0"
"m02-100000-off-keyset-r1","2","KEYSET","100000","OFF","1","4.933","0","0.000","12","125.576","29.443","3","42.671","29.443","0","0"
"m03-100000-on-offset-r1","3","OFFSET","100000","ON","1","9.926","0","0.000","12","123.584","33.978","3","47.034","33.978","0","0"
"m04-100000-on-keyset-r1","4","KEYSET","100000","ON","1","8.282","0","0.000","12","114.190","31.178","3","38.431","27.463","0","0"
"m05-100000-on-keyset-r2","5","KEYSET","100000","ON","2","4.634","0","0.000","12","119.702","32.089","3","41.621","26.171","0","0"
"m06-100000-on-offset-r2","6","OFFSET","100000","ON","2","7.134","0","0.000","12","115.424","28.425","3","37.032","28.425","0","0"
"m07-100000-off-keyset-r2","7","KEYSET","100000","OFF","2","5.021","0","0.000","12","107.538","28.371","3","37.406","28.371","0","0"
"m08-100000-off-offset-r2","8","OFFSET","100000","OFF","2","6.152","0","0.000","12","140.777","36.418","3","35.681","23.613","0","0"
"m09-100000-off-offset-r3","9","OFFSET","100000","OFF","3","4.931","0","0.000","12","99.711","28.199","3","41.275","28.199","0","0"
"m10-100000-off-keyset-r3","10","KEYSET","100000","OFF","3","4.429","0","0.000","12","115.112","40.248","3","31.632","22.896","0","0"
"m11-100000-on-offset-r3","11","OFFSET","100000","ON","3","4.977","0","0.000","12","94.847","23.209","3","39.752","23.209","0","0"
"m12-100000-on-keyset-r3","12","KEYSET","100000","ON","3","3.742","0","0.000","12","92.667","26.355","3","35.476","26.355","0","0"
"m13-500000-off-offset-r1","13","OFFSET","500000","OFF","1","79.734","2421408","2.309","16","199.904","30.783","7","128.631","30.783","0","3"
"m14-500000-off-keyset-r1","14","KEYSET","500000","OFF","1","15.803","2476928","2.362","16","178.787","24.112","7","116.165","24.112","0","3"
"m15-500000-on-offset-r1","15","OFFSET","500000","ON","1","48.477","2470016","2.356","16","154.264","20.692","7","91.121","20.279","0","3"
"m16-500000-on-keyset-r1","16","KEYSET","500000","ON","1","17.552","2420288","2.308","16","177.240","28.413","7","116.779","28.413","0","3"
"m17-500000-on-keyset-r2","17","KEYSET","500000","ON","2","12.659","2394368","2.283","16","158.713","22.107","7","99.778","22.107","0","3"
"m18-500000-on-offset-r2","18","OFFSET","500000","ON","2","43.854","2431520","2.319","16","161.410","23.945","7","96.993","23.945","0","3"
"m19-500000-off-keyset-r2","19","KEYSET","500000","OFF","2","11.272","2407040","2.296","16","152.336","23.610","7","83.751","19.460","0","3"
"m20-500000-off-offset-r2","20","OFFSET","500000","OFF","2","33.626","2394368","2.283","16","138.139","17.291","7","84.048","17.291","0","3"
"m21-500000-off-offset-r3","21","OFFSET","500000","OFF","3","32.499","2431632","2.319","16","127.698","17.399","7","81.045","17.399","0","3"
"m22-500000-off-keyset-r3","22","KEYSET","500000","OFF","3","9.239","2365584","2.256","16","126.440","16.967","7","76.573","16.967","0","3"
"m23-500000-on-offset-r3","23","OFFSET","500000","ON","3","32.779","2435648","2.323","16","130.283","18.233","7","78.601","18.114","0","3"
"m24-500000-on-keyset-r3","24","KEYSET","500000","ON","3","10.101","2395408","2.284","16","136.547","21.100","7","87.254","21.100","0","3"
"m25-1000000-off-offset-r1","25","OFFSET","1000000","OFF","1","153.858","2419136","2.307","21","212.625","20.766","12","159.336","20.766","0","3"
"m26-1000000-off-keyset-r1","26","KEYSET","1000000","OFF","1","20.549","2440976","2.328","21","201.133","20.055","12","148.316","17.162","0","3"
"m27-1000000-on-offset-r1","27","OFFSET","1000000","ON","1","135.933","2468672","2.354","21","197.472","18.748","12","149.660","18.748","0","3"
"m28-1000000-on-keyset-r1","28","KEYSET","1000000","ON","1","17.346","2400896","2.290","21","198.512","17.817","12","145.203","17.817","0","3"
"m29-1000000-on-keyset-r2","29","KEYSET","1000000","ON","2","19.054","2420176","2.308","21","200.897","21.063","12","147.708","21.063","0","3"
"m30-1000000-on-offset-r2","30","OFFSET","1000000","ON","2","136.705","2429664","2.317","21","189.189","18.505","12","142.130","18.505","0","3"
"m31-1000000-off-keyset-r2","31","KEYSET","1000000","OFF","2","19.031","2390352","2.280","21","202.992","22.122","12","151.010","22.122","0","3"
"m32-1000000-off-offset-r2","32","OFFSET","1000000","OFF","2","219.096","2419136","2.307","21","405.015","115.152","12","356.514","115.152","0","3"
"m33-1000000-off-offset-r3","33","OFFSET","1000000","OFF","3","158.465","2408816","2.297","21","248.182","46.598","12","194.845","46.598","0","3"
"m34-1000000-off-keyset-r3","34","KEYSET","1000000","OFF","3","18.933","2456288","2.342","21","192.758","18.124","12","140.406","17.717","0","3"
"m35-1000000-on-offset-r3","35","OFFSET","1000000","ON","3","124.424","2402624","2.291","21","200.546","17.914","12","148.000","17.914","0","3"
"m36-1000000-on-keyset-r3","36","KEYSET","1000000","ON","3","18.531","2453760","2.340","21","188.836","19.348","12","140.604","19.348","0","3"
