"executionOrder","targetRows","readerType","indexMode","repetition","runId"
"1","100000","OFFSET","OFF","1","m01-100000-off-offset-r1"
"2","100000","KEYSET","OFF","1","m02-100000-off-keyset-r1"
"3","100000","OFFSET","ON","1","m03-100000-on-offset-r1"
"4","100000","KEYSET","ON","1","m04-100000-on-keyset-r1"
"5","100000","KEYSET","ON","2","m05-100000-on-keyset-r2"
"6","100000","OFFSET","ON","2","m06-100000-on-offset-r2"
"7","100000","KEYSET","OFF","2","m07-100000-off-keyset-r2"
"8","100000","OFFSET","OFF","2","m08-100000-off-offset-r2"
"9","100000","OFFSET","OFF","3","m09-100000-off-offset-r3"
"10","100000","KEYSET","OFF","3","m10-100000-off-keyset-r3"
"11","100000","OFFSET","ON","3","m11-100000-on-offset-r3"
"12","100000","KEYSET","ON","3","m12-100000-on-keyset-r3"
"13","500000","OFFSET","OFF","1","m13-500000-off-offset-r1"
"14","500000","KEYSET","OFF","1","m14-500000-off-keyset-r1"
"15","500000","OFFSET","ON","1","m15-500000-on-offset-r1"
"16","500000","KEYSET","ON","1","m16-500000-on-keyset-r1"
"17","500000","KEYSET","ON","2","m17-500000-on-keyset-r2"
"18","500000","OFFSET","ON","2","m18-500000-on-offset-r2"
"19","500000","KEYSET","OFF","2","m19-500000-off-keyset-r2"
"20","500000","OFFSET","OFF","2","m20-500000-off-offset-r2"
"21","500000","OFFSET","OFF","3","m21-500000-off-offset-r3"
"22","500000","KEYSET","OFF","3","m22-500000-off-keyset-r3"
"23","500000","OFFSET","ON","3","m23-500000-on-offset-r3"
"24","500000","KEYSET","ON","3","m24-500000-on-keyset-r3"
"25","1000000","OFFSET","OFF","1","m25-1000000-off-offset-r1"
"26","1000000","KEYSET","OFF","1","m26-1000000-off-keyset-r1"
"27","1000000","OFFSET","ON","1","m27-1000000-on-offset-r1"
"28","1000000","KEYSET","ON","1","m28-1000000-on-keyset-r1"
"29","1000000","KEYSET","ON","2","m29-1000000-on-keyset-r2"
"30","1000000","OFFSET","ON","2","m30-1000000-on-offset-r2"
"31","1000000","KEYSET","OFF","2","m31-1000000-off-keyset-r2"
"32","1000000","OFFSET","OFF","2","m32-1000000-off-offset-r2"
"33","1000000","OFFSET","OFF","3","m33-1000000-off-offset-r3"
"34","1000000","KEYSET","OFF","3","m34-1000000-off-keyset-r3"
"35","1000000","OFFSET","ON","3","m35-1000000-on-offset-r3"
"36","1000000","KEYSET","ON","3","m36-1000000-on-keyset-r3"
